"Fecha","Indice"
"1/3/2005","1,370"
"1/4/2005","1,337.46"
"1/5/2005","1,305.56"
"1/6/2005","1,316.63"
"1/7/2005","1,309.45"
"1/10/2005","1,334.58"
"1/11/2005","1,350.92"
"1/12/2005","1,344.11"
"1/13/2005","1,347.29"
"1/14/2005","1,344.70"
"1/17/2005","1,348.69"
"1/18/2005","1,345.47"
"1/19/2005","1,336.96"
"1/20/2005","1,319.19"
"1/21/2005","1,325.74"
"1/24/2005","1,311.92"
"1/25/2005","1,309.67"
"1/26/2005","1,355.32"
"1/27/2005","1,378.43"
"1/28/2005","1,381.92"
"1/31/2005","1,373.79"
"2/1/2005","1,373.41"
"2/2/2005","1,371.02"
"2/3/2005","1,399.23"
"2/4/2005","1,428.54"
"2/7/2005","1,434.03"
"2/8/2005","1,480.11"
"2/9/2005","1,484.60"
"2/10/2005","1,487.39"
"2/11/2005","1,496.91"
"2/14/2005","1,517.93"
"2/15/2005","1,493.96"
"2/16/2005","1,508.84"
"2/17/2005","1,531.86"
"2/18/2005","1,557.77"
"2/21/2005","1,534.01"
"2/22/2005","1,556.03"
"2/23/2005","1,520.90"
"2/24/2005","1,529.64"
"2/25/2005","1,600.32"
"2/28/2005","1,558.62"
"3/1/2005","1,598.38"
"3/2/2005","1,582.39"
"3/3/2005","1,577.13"
"3/4/2005","1,581.36"
"3/7/2005","1,590.74"
"3/8/2005","1,596.81"
"3/9/2005","1,530.02"
"3/10/2005","1,471.89"
"3/11/2005","1,435.95"
"3/14/2005","1,374.88"
"3/15/2005","1,386.08"
"3/16/2005","1,388.09"
"3/17/2005","1,452.94"
"3/18/2005","1,458.19"
"3/21/2005","1,414.40"
"3/22/2005","1,393.57"
"3/23/2005","1,364.28"
"3/28/2005","1,347.99"
"3/29/2005","1,347.77"
"3/30/2005","1,401.12"
"3/31/2005","1,400.42"
"4/1/2005","1,424.31"
"4/4/2005","1,392.51"
"4/5/2005","1,411.28"
"4/6/2005","1,423.30"
"4/7/2005","1,423.47"
"4/8/2005","1,415.33"
"4/11/2005","1,408.42"
"4/12/2005","1,372.59"
"4/13/2005","1,344.56"
"4/14/2005","1,325.84"
"4/15/2005","1,276.48"
"4/18/2005","1,307.90"
"4/19/2005","1,344.61"
"4/20/2005","1,309.48"
"4/21/2005","1,354.73"
"4/22/2005","1,354.68"
"4/25/2005","1,368.82"
"4/26/2005","1,352.68"
"4/27/2005","1,356.30"
"4/28/2005","1,324.75"
"4/29/2005","1,348.35"
"5/2/2005","1,378.76"
"5/3/2005","1,404.39"
"5/4/2005","1,442.13"
"5/5/2005","1,438.09"
"5/6/2005","1,429.37"
"5/9/2005","1,406.85"
"5/10/2005","1,381.34"
"5/11/2005","1,400.46"
"5/12/2005","1,389.80"
"5/13/2005","1,439.61"
"5/16/2005","1,458.18"
"5/17/2005","1,444.73"
"5/18/2005","1,459.33"
"5/19/2005","1,457.24"
"5/20/2005","1,435.08"
"5/23/2005","1,449.63"
"5/24/2005","1,458.17"
"5/26/2005","1,447.06"
"5/27/2005","1,460.72"
"5/30/2005","1,497.84"
"5/31/2005","1,485.55"
"6/1/2005","1,516.17"
"6/2/2005","1,531.17"
"6/3/2005","1,506.12"
"6/6/2005","1,486.07"
"6/7/2005","1,490.30"
"6/8/2005","1,489.29"
"6/9/2005","1,450.96"
"6/10/2005","1,435.30"
"6/13/2005","1,421.25"
"6/14/2005","1,435.28"
"6/15/2005","1,453.66"
"6/16/2005","1,458.70"
"6/17/2005","1,443.99"
"6/21/2005","1,462.09"
"6/22/2005","1,464.80"
"6/23/2005","1,439.43"
"6/24/2005","1,444.61"
"6/27/2005","1,421.25"
"6/28/2005","1,419.64"
"6/29/2005","1,374.55"
"6/30/2005","1,367.41"
"7/1/2005","1,361.32"
"7/4/2005","1,366.92"
"7/5/2005","1,382.08"
"7/6/2005","1,356.22"
"7/7/2005","1,391.10"
"7/8/2005","1,386.77"
"7/11/2005","1,410.36"
"7/12/2005","1,422.31"
"7/13/2005","1,423.36"
"7/14/2005","1,466.57"
"7/15/2005","1,462.94"
"7/18/2005","1,473.03"
"7/19/2005","1,492.18"
"7/20/2005","1,487.81"
"7/21/2005","1,478.99"
"7/22/2005","1,481.79"
"7/25/2005","1,453.93"
"7/26/2005","1,479.65"
"7/27/2005","1,502.93"
"7/28/2005","1,511.16"
"7/29/2005","1,507.59"
"8/1/2005","1,522.71"
"8/2/2005","1,535.51"
"8/3/2005","1,508.23"
"8/4/2005","1,526.85"
"8/5/2005","1,517.90"
"8/8/2005","1,494.00"
"8/9/2005","1,504.04"
"8/10/2005","1,509.23"
"8/11/2005","1,496.59"
"8/12/2005","1,479.33"
"8/16/2005","1,470.98"
"8/17/2005","1,490.84"
"8/18/2005","1,484.66"
"8/19/2005","1,495.42"
"8/22/2005","1,532.64"
"8/23/2005","1,525.82"
"8/24/2005","1,535.99"
"8/25/2005","1,573.08"
"8/26/2005","1,564.76"
"8/29/2005","1,584.00"
"8/30/2005","1,589.42"
"8/31/2005","1,581.65"
"9/1/2005","1,612.94"
"9/2/2005","1,592.68"
"9/5/2005","1,610.29"
"9/6/2005","1,607.41"
"9/7/2005","1,608.03"
"9/8/2005","1,615.58"
"9/9/2005","1,611.47"
"9/12/2005","1,587.40"
"9/13/2005","1,589.31"
"9/14/2005","1,618.10"
"9/15/2005","1,629.56"
"9/16/2005","1,628.13"
"9/19/2005","1,649.95"
"9/20/2005","1,644.19"
"9/21/2005","1,658.95"
"9/22/2005","1,652.38"
"9/23/2005","1,658.84"
"9/26/2005","1,663.38"
"9/27/2005","1,668.49"
"9/28/2005","1,687.78"
"9/29/2005","1,709.89"
"9/30/2005","1,694.83"
"10/3/2005","1,731.33"
"10/4/2005","1,687.25"
"10/5/2005","1,647.37"
"10/6/2005","1,621.02"
"10/7/2005","1,655.90"
"10/11/2005","1,643.96"
"10/12/2005","1,604.56"
"10/13/2005","1,586.09"
"10/14/2005","1,603.71"
"10/17/2005","1,613.68"
"10/18/2005","1,589.97"
"10/19/2005","1,601.59"
"10/20/2005","1,572.69"
"10/21/2005","1,593.11"
"10/24/2005","1,623.16"
"10/25/2005","1,577.02"
"10/26/2005","1,609.78"
"10/27/2005","1,577.67"
"10/28/2005","1,602.63"
"10/31/2005","1,608.86"
"11/1/2005","1,621.48"
"11/2/2005","1,638.95"
"11/3/2005","1,683.53"
"11/4/2005","1,672.01"
"11/7/2005","1,646.92"
"11/8/2005","1,615.59"
"11/9/2005","1,592.43"
"11/10/2005","1,581.28"
"11/11/2005","1,592.51"
"11/14/2005","1,594.94"
"11/15/2005","1,572.84"
"11/16/2005","1,584.58"
"11/17/2005","1,600.84"
"11/18/2005","1,603.75"
"11/21/2005","1,606.96"
"11/22/2005","1,625.73"
"11/23/2005","1,627.38"
"11/24/2005","1,631.47"
"11/25/2005","1,629.63"
"11/28/2005","1,556.52"
"11/29/2005","1,533.47"
"11/30/2005","1,554.67"
"12/1/2005","1,519.86"
"12/2/2005","1,543.68"
"12/5/2005","1,560.39"
"12/6/2005","1,558.67"
"12/7/2005","1,525.53"
"12/9/2005","1,535.28"
"12/12/2005","1,521.89"
"12/13/2005","1,515.42"
"12/14/2005","1,525.57"
"12/15/2005","1,554.99"
"12/16/2005","1,524.50"
"12/19/2005","1,502.44"
"12/20/2005","1,489.36"
"12/21/2005","1,491.27"
"12/22/2005","1,516.24"
"12/23/2005","1,529.12"
"12/26/2005","1,550.96"
"12/27/2005","1,533.08"
"12/28/2005","1,537.59"
"12/29/2005","1,543.31"
"1/2/2006","1,555.67"
"1/3/2006","1,602.00"
"1/4/2006","1,610.52"
"1/5/2006","1,599.91"
"1/6/2006","1,616.29"
"1/9/2006","1,621.12"
"1/10/2006","1,616.41"
"1/11/2006","1,649.67"
"1/12/2006","1,638.09"
"1/13/2006","1,645.24"
"1/16/2006","1,653.63"
"1/17/2006","1,661.59"
"1/18/2006","1,645.52"
"1/19/2006","1,701.18"
"1/20/2006","1,701.88"
"1/23/2006","1,698.98"
"1/24/2006","1,697.92"
"1/25/2006","1,708.41"
"1/26/2006","1,724.46"
"1/27/2006","1,739.83"
"1/30/2006","1,771.55"
"1/31/2006","1,793.97"
"2/1/2006","1,747.15"
"2/2/2006","1,699.35"
"2/3/2006","1,703.33"
"2/6/2006","1,725.78"
"2/7/2006","1,695.04"
"2/8/2006","1,717.53"
"2/9/2006","1,704.83"
"2/10/2006","1,695.48"
"2/13/2006","1,673.03"
"2/14/2006","1,669.70"
"2/15/2006","1,669.17"
"2/16/2006","1,695.64"
"2/17/2006","1,699.49"
"2/20/2006","1,721.14"
"2/21/2006","1,743.59"
"2/22/2006","1,728.20"
"2/23/2006","1,714.13"
"2/24/2006","1,726.65"
"2/27/2006","1,736.22"
"2/28/2006","1,714.05"
"3/1/2006","1,741.87"
"3/2/2006","1,795.22"
"3/3/2006","1,823.56"
"3/6/2006","1,815.80"
"3/7/2006","1,776.48"
"3/8/2006","1,776.06"
"3/9/2006","1,764.76"
"3/10/2006","1,762.56"
"3/13/2006","1,771.05"
"3/14/2006","1,778.32"
"3/15/2006","1,799.10"
"3/16/2006","1,817.06"
"3/17/2006","1,810.63"
"3/20/2006","1,816.95"
"3/21/2006","1,806.16"
"3/22/2006","1,793.09"
"3/23/2006","1,794.12"
"3/27/2006","1,816.44"
"3/28/2006","1,796.33"
"3/29/2006","1,803.94"
"3/30/2006","1,810.12"
"3/31/2006","1,800.58"
"4/3/2006","1,798.69"
"4/4/2006","1,819.63"
"4/5/2006","1,849.06"
"4/6/2006","1,843.62"
"4/7/2006","1,830.62"
"4/10/2006","1,851.98"
"4/11/2006","1,838.35"
"4/12/2006","1,850.11"
"4/17/2006","1,898.47"
"4/18/2006","1,924.80"
"4/19/2006","1,912.90"
"4/20/2006","1,896.32"
"4/21/2006","1,918.73"
"4/24/2006","1,943.07"
"4/25/2006","1,938.90"
"4/26/2006","1,919.74"
"4/27/2006","1,869.25"
"4/28/2006","1,908.61"
"5/2/2006","1,909.80"
"5/3/2006","1,855.59"
"5/4/2006","1,848.20"
"5/5/2006","1,894.48"
"5/8/2006","1,872.19"
"5/9/2006","1,892.20"
"5/10/2006","1,896.21"
"5/11/2006","1,857.64"
"5/12/2006","1,806.68"
"5/15/2006","1,751.75"
"5/16/2006","1,744.00"
"5/17/2006","1,683.80"
"5/18/2006","1,654.02"
"5/19/2006","1,655.51"
"5/22/2006","1,590.73"
"5/23/2006","1,617.19"
"5/24/2006","1,578.79"
"5/26/2006","1,677.86"
"5/29/2006","1,697.98"
"5/30/2006","1,638.01"
"5/31/2006","1,653.72"
"6/1/2006","1,682.76"
"6/2/2006","1,693.50"
"6/5/2006","1,650.84"
"6/6/2006","1,645.40"
"6/7/2006","1,619.27"
"6/8/2006","1,605.29"
"6/9/2006","1,584.39"
"6/12/2006","1,512.08"
"6/13/2006","1,497.17"
"6/14/2006","1,509.57"
"6/15/2006","1,576.94"
"6/16/2006","1,578.49"
"6/20/2006","1,550.24"
"6/21/2006","1,579.39"
"6/22/2006","1,577.72"
"6/23/2006","1,589.12"
"6/26/2006","1,621.15"
"6/27/2006","1,598.73"
"6/28/2006","1,632.26"
"6/29/2006","1,689.65"
"6/30/2006","1,711.09"
"7/3/2006","1,725.78"
"7/4/2006","1,725.53"
"7/5/2006","1,700.21"
"7/6/2006","1,714.42"
"7/7/2006","1,704.68"
"7/10/2006","1,703.70"
"7/11/2006","1,720.77"
"7/12/2006","1,701.44"
"7/13/2006","1,644.03"
"7/14/2006","1,654.46"
"7/17/2006","1,612.89"
"7/18/2006","1,612.71"
"7/19/2006","1,662.52"
"7/20/2006","1,638.73"
"7/21/2006","1,620.45"
"7/24/2006","1,666.07"
"7/25/2006","1,682.51"
"7/26/2006","1,686.37"
"7/27/2006","1,681.37"
"7/28/2006","1,689.65"
"7/31/2006","1,701.58"
"8/1/2006","1,696.79"
"8/2/2006","1,714.60"
"8/3/2006","1,715.96"
"8/4/2006","1,683.90"
"8/7/2006","1,663.04"
"8/8/2006","1,646.97"
"8/9/2006","1,633.26"
"8/10/2006","1,632.80"
"8/11/2006","1,618.88"
"8/14/2006","1,592.08"
"8/15/2006","1,623.74"
"8/16/2006","1,634.10"
"8/17/2006","1,629.75"
"8/18/2006","1,655.87"
"8/22/2006","1,669.63"
"8/23/2006","1,648.80"
"8/24/2006","1,657.27"
"8/25/2006","1,676.81"
"8/28/2006","1,669.82"
"8/29/2006","1,673.45"
"8/30/2006","1,660.44"
"8/31/2006","1,662.84"
"9/1/2006","1,677.85"
"9/4/2006","1,677.49"
"9/5/2006","1,679.57"
"9/6/2006","1,654.76"
"9/7/2006","1,650.16"
"9/8/2006","1,632.68"
"9/11/2006","1,590.46"
"9/12/2006","1,608.76"
"9/13/2006","1,632.14"
"9/14/2006","1,630.83"
"9/15/2006","1,627.75"
"9/18/2006","1,662.32"
"9/19/2006","1,650.86"
"9/20/2006","1,660.94"
"9/21/2006","1,648.49"
"9/22/2006","1,638.45"
"9/25/2006","1,613.90"
"9/26/2006","1,638.07"
"9/27/2006","1,644.72"
"9/28/2006","1,657.44"
"9/29/2006","1,637.27"
"10/2/2006","1,651.08"
"10/3/2006","1,627.61"
"10/4/2006","1,641.40"
"10/5/2006","1,653.27"
"10/6/2006","1,644.93"
"10/9/2006","1,651.07"
"10/10/2006","1,644.71"
"10/11/2006","1,630.14"
"10/12/2006","1,646.40"
"10/13/2006","1,664.57"
"10/17/2006","1,673.40"
"10/18/2006","1,692.02"
"10/19/2006","1,702.63"
"10/20/2006","1,701.60"
"10/23/2006","1,701.67"
"10/24/2006","1,723.70"
"10/25/2006","1,765.66"
"10/26/2006","1,776.19"
"10/27/2006","1,784.60"
"10/30/2006","1,768.49"
"10/31/2006","1,781.68"
"11/1/2006","1,794.44"
"11/2/2006","1,821.95"
"11/3/2006","1,841.96"
"11/7/2006","1,839.88"
"11/8/2006","1,873.39"
"11/9/2006","1,893.25"
"11/10/2006","1,885.55"
"11/13/2006","1,890.70"
"11/14/2006","1,909.29"
"11/15/2006","1,918.07"
"11/16/2006","1,891.51"
"11/17/2006","1,886.92"
"11/20/2006","1,896.62"
"11/21/2006","1,918.84"
"11/22/2006","1,939.08"
"11/23/2006","1,933.73"
"11/24/2006","1,943.00"
"11/27/2006","1,892.00"
"11/28/2006","1,907.00"
"11/29/2006","1,961.00"
"11/30/2006","1,967.00"
"12/1/2006","1,929.00"
"12/4/2006","1,957.00"
"12/5/2006","1,977.00"
"12/6/2006","1,976.00"
"12/7/2006","1,969.00"
"12/11/2006","1,972.00"
"12/12/2006","1,971.00"
"12/13/2006","2,032.00"
"12/14/2006","2,033.00"
"12/15/2006","2,049.00"
"12/18/2006","2,040.00"
"12/19/2006","2,043.00"
"12/20/2006","2,042.00"
"12/21/2006","2,054.00"
"12/22/2006","2,057.00"
"12/26/2006","2,060.00"
"12/27/2006","2,089.00"
"12/28/2006","2,090.00"
"1/2/2007","2,139.14"
"1/3/2007","2,097.00"
"1/4/2007","2,073.00"
"1/5/2007","2,063.00"
"1/8/2007","2,070.00"
"1/9/2007","2,014.00"
"1/10/2007","2,044.00"
"1/11/2007","2,043.00"
"1/12/2007","2,072.00"
"1/15/2007","2,083.00"
"1/16/2007","2,071.00"
"1/17/2007","2,055.00"
"1/18/2007","2,024.00"
"1/19/2007","2,037.00"
"1/22/2007","2,043.00"
"1/23/2007","2,055.00"
"1/24/2007","2,070.00"
"1/25/2007","2,044.00"
"1/26/2007","2,039.00"
"1/29/2007","2,022.00"
"1/30/2007","2,047.00"
"1/31/2007","2,070.00"
"2/1/2007","2,081.00"
"2/2/2007","2,081.00"
"2/5/2007","2,076.00"
"2/6/2007","2,100.00"
"2/7/2007","2,100.00"
"2/8/2007","2,105.00"
"2/9/2007","2,100.00"
"2/12/2007","2,100.00"
"2/13/2007","2,115.00"
"2/14/2007","2,129.00"
"2/15/2007","2,132.00"
"2/16/2007","2,145.00"
"2/19/2007","2,188.59"
"2/20/2007","2,206.03"
"2/21/2007","2,203.24"
"2/22/2007","2,204.23"
"2/23/2007","2,202.45"
"2/26/2007","2,219.01"
"2/27/2007","2,052.78"
"2/28/2007","2,067.64"
"3/1/2007","2,038.59"
"3/2/2007","1,997.64"
"3/5/2007","1,944.12"
"3/6/2007","2,004.77"
"3/7/2007","1,995.07"
"3/8/2007","2,035.03"
"3/9/2007","2,036.46"
"3/12/2007","2,068.18"
"3/13/2007","1,990.35"
"3/14/2007","2,011.51"
"3/15/2007","2,007.50"
"3/16/2007","1,985.79"
"3/19/2007","2,030.60"
"3/20/2007","2,040.03"
"3/21/2007","2,083.63"
"3/22/2007","2,073.93"
"3/23/2007","2,085.51"
"3/26/2007","2,077.02"
"3/27/2007","2,060.28"
"3/28/2007","2,072.07"
"3/29/2007","2,099.09"
"3/30/2007","2,102.78"
"4/3/2007","2,114.62"
"4/4/2007","2,127.48"
"4/9/2007","2,131.94"
"4/10/2007","2,155.58"
"4/11/2007","2,154.50"
"4/12/2007","2,188.07"
"4/13/2007","2,212.98"
"4/16/2007","2,224.83"
"4/17/2007","2,195.16"
"4/18/2007","2,211.96"
"4/19/2007","2,200.27"
"4/20/2007","2,216.60"
"4/23/2007","2,192.42"
"4/24/2007","2,181.16"
"4/25/2007","2,185.46"
"4/26/2007","2,188.81"
"4/27/2007","2,197.77"
"4/30/2007","2,154.55"
"5/2/2007","2,156.84"
"5/3/2007","2,174.77"
"5/4/2007","2,163.73"
"5/7/2007","2,132.28"
"5/8/2007","2,131.65"
"5/9/2007","2,155.26"
"5/10/2007","2,098.09"
"5/11/2007","2,128.25"
"5/14/2007","2,127.69"
"5/15/2007","2,139.64"
"5/16/2007","2,162.89"
"5/17/2007","2,171.63"
"5/18/2007","2,186.39"
"5/21/2007","2,209.08"
"5/22/2007","2,193.47"
"5/23/2007","2,196.10"
"5/24/2007","2,172.35"
"5/28/2007","2,192.94"
"5/29/2007","2,202.40"
"5/30/2007","2,222.22"
"5/31/2007","2,243.03"
"6/1/2007","2,249.36"
"6/4/2007","2,240.65"
"6/5/2007","2,234.74"
"6/6/2007","2,206.16"
"6/7/2007","2,157.22"
"6/8/2007","2,169.28"
"6/11/2007","2,162.10"
"6/12/2007","2,147.11"
"6/13/2007","2,168.43"
"6/14/2007","2,193.03"
"6/15/2007","2,216.58"
"6/19/2007","2,239.69"
"6/20/2007","2,226.01"
"6/21/2007","2,235.04"
"6/22/2007","2,229.90"
"6/25/2007","2,202.91"
"6/26/2007","2,195.64"
"6/27/2007","2,227.33"
"6/28/2007","2,216.09"
"6/29/2007","2,190.87"
"7/2/2007","2,234.80"
"7/3/2007","2,230.61"
"7/4/2007","2,252.40"
"7/5/2007","2,245.63"
"7/6/2007","2,249.01"
"7/10/2007","2,253.30"
"7/11/2007","2,266.09"
"7/12/2007","2,289.13"
"7/13/2007","2,287.82"
"7/16/2007","2,248.85"
"7/17/2007","2,251.59"
"7/18/2007","2,247.83"
"7/19/2007","2,287.57"
"7/20/2007","2,277.47"
"7/23/2007","2,303.43"
"7/24/2007","2,241.43"
"7/25/2007","2,242.78"
"7/26/2007","2,153.27"
"7/27/2007","2,149.89"
"7/30/2007","2,186.37"
"7/31/2007","2,180.25"
"8/1/2007","2,177.19"
"8/2/2007","2,186.64"
"8/3/2007","2,148.42"
"8/6/2007","2,107.81"
"8/7/2007","2,121.51"
"8/8/2007","2,158.44"
"8/9/2007","2,087.68"
"8/10/2007","2,053.13"
"8/13/2007","2,065.82"
"8/14/2007","2,029.68"
"8/15/2007","1,924.73"
"8/16/2007","1,833.71"
"8/17/2007","1,929.12"
"8/21/2007","1,962.76"
"8/22/2007","2,008.50"
"8/23/2007","2,038.29"
"8/24/2007","2,081.45"
"8/27/2007","2,076.53"
"8/28/2007","1,985.90"
"8/29/2007","2,045.67"
"8/30/2007","2,040.56"
"8/31/2007","2,062.08"
"9/3/2007","2,071.53"
"9/4/2007","2,068.19"
"9/5/2007","2,061.01"
"9/6/2007","2,078.93"
"9/7/2007","2,041.04"
"9/10/2007","2,018.16"
"9/11/2007","2,018.81"
"9/12/2007","2,008.74"
"9/13/2007","2,040.25"
"9/14/2007","2,048.91"
"9/17/2007","2,031.25"
"9/18/2007","2,090.26"
"9/19/2007","2,116.49"
"9/20/2007","2,100.46"
"9/21/2007","2,121.71"
"9/24/2007","2,145.23"
"9/25/2007","2,145.84"
"9/26/2007","2,177.24"
"9/27/2007","2,192.45"
"9/28/2007","2,187.97"
"10/1/2007","2,231.43"
"10/2/2007","2,260.45"
"10/3/2007","2,254.39"
"10/4/2007","2,254.32"
"10/5/2007","2,277.75"
"10/8/2007","2,286.71"
"10/9/2007","2,291.84"
"10/10/2007","2,277.40"
"10/11/2007","2,246.85"
"10/12/2007","2,262.11"
"10/16/2007","2,235.11"
"10/17/2007","2,240.21"
"10/18/2007","2,270.41"
"10/19/2007","2,236.87"
"10/22/2007","2,234.66"
"10/23/2007","2,251.93"
"10/24/2007","2,256.61"
"10/25/2007","2,282.57"
"10/26/2007","2,327.15"
"10/29/2007","2,337.11"
"10/30/2007","2,339.09"
"10/31/2007","2,351.44"
"11/1/2007","2,321.57"
"11/2/2007","2,336.70"
"11/5/2007","2,297.81"
"11/7/2007","2,298.82"
"11/8/2007","2,263.02"
"11/9/2007","2,314.23"
"11/12/2007","2,273.26"
"11/13/2007","2,305.23"
"11/14/2007","2,309.43"
"11/15/2007","2,268.07"
"11/16/2007","2,281.16"
"11/19/2007","2,243.53"
"11/20/2007","2,245.89"
"11/21/2007","2,216.15"
"11/22/2007","2,210.54"
"11/23/2007","2,212.04"
"11/26/2007","2,190.82"
"11/27/2007","2,169.78"
"11/28/2007","2,230.83"
"11/29/2007","2,236.39"
"11/30/2007","2,207.16"
"12/3/2007","2,192.07"
"12/4/2007","2,186.94"
"12/5/2007","2,211.85"
"12/6/2007","2,241.94"
"12/7/2007","2,238.86"
"12/10/2007","2,244.97"
"12/11/2007","2,230.43"
"12/12/2007","2,226.12"
"12/13/2007","2,196.48"
"12/14/2007","2,184.49"
"12/17/2007","2,127.21"
"12/18/2007","2,125.67"
"12/19/2007","2,130.12"
"12/20/2007","2,140.31"
"12/21/2007","2,145.25"
"12/26/2007","2,179.90"
"12/27/2007","2,168.23"
"12/28/2007","2,151.73"
"1/2/2008","2,150.56"
"1/3/2008","2,145.95"
"1/4/2008","2,129.06"
"1/7/2008","2,103.72"
"1/8/2008","2,140.95"
"1/9/2008","2,089.58"
"1/10/2008","2,084.55"
"1/11/2008","2,082.93"
"1/14/2008","2,132.38"
"1/15/2008","2,069.31"
"1/16/2008","2,065.77"
"1/17/2008","2,011.21"
"1/18/2008","2,002.46"
"1/21/2008","1,876.87"
"1/22/2008","1,943.56"
"1/23/2008","1,891.25"
"1/24/2008","1,966.46"
"1/25/2008","1,982.73"
"1/28/2008","2,003.83"
"1/29/2008","2,003.86"
"1/30/2008","2,036.18"
"1/31/2008","2,007.27"
"2/1/2008","2,045.14"
"2/4/2008","2,084.55"
"2/5/2008","2,054.79"
"2/6/2008","2,039.51"
"2/7/2008","2,011.07"
"2/8/2008","1,992.62"
"2/11/2008","2,001.26"
"2/12/2008","2,034.13"
"2/13/2008","2,043.43"
"2/14/2008","2,041.81"
"2/15/2008","2,039.09"
"2/18/2008","2,060.50"
"2/19/2008","2,062.82"
"2/20/2008","2,074.70"
"2/21/2008","2,083.46"
"2/22/2008","2,088.36"
"2/25/2008","2,120.74"
"2/26/2008","2,151.38"
"2/27/2008","2,166.21"
"2/28/2008","2,199.12"
"2/29/2008","2,162.20"
"3/3/2008","2,136.79"
"3/4/2008","2,134.56"
"3/5/2008","2,182.11"
"3/6/2008","2,179.07"
"3/7/2008","2,129.84"
"3/10/2008","2,100.60"
"3/11/2008","2,144.48"
"3/12/2008","2,134.14"
"3/13/2008","2,149.91"
"3/14/2008","2,117.10"
"3/17/2008","2,056.96"
"3/18/2008","2,081.67"
"3/19/2008","2,014.06"
"3/25/2008","2,068.22"
"3/26/2008","2,079.79"
"3/27/2008","2,083.66"
"3/28/2008","2,089.71"
"3/31/2008","2,103.72"
"4/1/2008","2,136.08"
"4/3/2008","2,152.62"
"4/4/2008","2,152.03"
"4/7/2008","2,146.28"
"4/8/2008","2,158.73"
"4/9/2008","2,149.90"
"4/10/2008","2,135.46"
"4/11/2008","2,115.12"
"4/14/2008","2,120.71"
"4/15/2008","2,121.31"
"4/16/2008","2,161.54"
"4/17/2008","2,161.76"
"4/18/2008","2,186.47"
"4/21/2008","2,201.62"
"4/22/2008","2,147.00"
"4/23/2008","2,140.42"
"4/24/2008","2,129.47"
"4/25/2008","2,101.40"
"4/28/2008","2,110.19"
"4/29/2008","2,070.00"
"4/30/2008","2,095.53"
"5/2/2008","2,107.63"
"5/5/2008","2,105.57"
"5/6/2008","2,127.09"
"5/7/2008","2,093.99"
"5/8/2008","2,101.85"
"5/9/2008","2,114.44"
"5/12/2008","2,125.36"
"5/13/2008","2,106.69"
"5/14/2008","2,088.78"
"5/15/2008","2,122.12"
"5/16/2008","2,137.01"
"5/19/2008","2,194.11"
"5/20/2008","2,218.29"
"5/21/2008","2,221.13"
"5/22/2008","2,248.63"
"5/23/2008","2,235.33"
"5/26/2008","2,239.38"
"5/27/2008","2,214.77"
"5/28/2008","2,233.41"
"5/29/2008","2,223.89"
"5/30/2008","2,205.72"
"6/2/2008","2,197.82"
"6/3/2008","2,181.76"
"6/4/2008","2,141.25"
"6/5/2008","2,189.60"
"6/6/2008","2,179.72"
"6/9/2008","2,162.12"
"6/10/2008","2,109.73"
"6/11/2008","2,072.08"
"6/12/2008","2,056.69"
"6/13/2008","2,066.44"
"6/17/2008","2,036.00"
"6/18/2008","2,048.11"
"6/19/2008","2,063.19"
"6/20/2008","2,066.28"
"6/23/2008","2,091.55"
"6/24/2008","2,067.59"
"6/25/2008","2,091.92"
"6/26/2008","2,072.48"
"6/27/2008","2,093.01"
"6/30/2008","2,107.87"
"7/1/2008","2,095.12"
"7/2/2008","2,033.03"
"7/3/2008","1,998.37"
"7/4/2008","2,006.44"
"7/7/2008","1,955.33"
"7/8/2008","1,947.78"
"7/10/2008","1,940.15"
"7/11/2008","1,906.52"
"7/14/2008","1,922.01"
"7/16/2008","1,877.43"
"7/17/2008","1,893.43"
"7/18/2008","1,907.11"
"7/21/2008","1,981.76"
"7/22/2008","1,956.77"
"7/23/2008","1,940.74"
"7/24/2008","1,901.88"
"7/25/2008","1,910.23"
"7/28/2008","1,922.73"
"7/29/2008","1,926.68"
"7/30/2008","1,949.84"
"7/31/2008","1,919.82"
"8/1/2008","1,884.06"
"8/4/2008","1,812.75"
"8/5/2008","1,809.15"
"8/6/2008","1,871.66"
"8/7/2008","1,815.98"
"8/8/2008","1,776.66"
"8/11/2008","1,708.95"
"8/12/2008","1,696.60"
"8/13/2008","1,742.93"
"8/14/2008","1,737.94"
"8/15/2008","1,733.79"
"8/19/2008","1,727.78"
"8/20/2008","1,740.26"
"8/21/2008","1,746.12"
"8/22/2008","1,760.98"
"8/25/2008","1,744.74"
"8/26/2008","1,760.17"
"8/27/2008","1,779.74"
"8/28/2008","1,777.05"
"8/29/2008","1,777.14"
"9/1/2008","1,778.81"
"9/2/2008","1,757.94"
"9/3/2008","1,758.13"
"9/4/2008","1,694.60"
"9/5/2008","1,678.74"
"9/8/2008","1,668.21"
"9/9/2008","1,595.07"
"9/10/2008","1,604.84"
"9/11/2008","1,613.24"
"9/12/2008","1,647.65"
"9/15/2008","1,562.14"
"9/16/2008","1,571.78"
"9/17/2008","1,491.98"
"9/18/2008","1,508.07"
"9/19/2008","1,662.52"
"9/22/2008","1,690.45"
"9/23/2008","1,656.60"
"9/24/2008","1,655.81"
"9/25/2008","1,707.98"
"9/26/2008","1,692.40"
"9/29/2008","1,545.45"
"9/30/2008","1,598.17"
"10/1/2008","1,605.68"
"10/2/2008","1,520.92"
"10/3/2008","1,512.71"
"10/6/2008","1,423.35"
"10/7/2008","1,384.60"
"10/8/2008","1,359.27"
"10/9/2008","1,287.33"
"10/10/2008","1,215.99"
"10/14/2008","1,349.69"
"10/15/2008","1,185.73"
"10/16/2008","1,185.92"
"10/17/2008","1,216.02"
"10/20/2008","1,175.92"
"10/21/2008","1,046.68"
"10/22/2008","940.82"
"10/23/2008","963.70"
"10/24/2008","890.27"
"10/27/2008","839.77"
"10/28/2008","895.06"
"10/29/2008","918.45"
"10/30/2008","973.56"
"10/31/2008","1,010.79"
"11/3/2008","1,057.62"
"11/4/2008","1,123.11"
"11/5/2008","1,135.79"
"11/7/2008","1,096.60"
"11/10/2008","1,085.87"
"11/11/2008","1,066.90"
"11/12/2008","1,008.26"
"11/13/2008","1,015.90"
"11/14/2008","1,022.81"
"11/17/2008","989.06"
"11/18/2008","944.83"
"11/19/2008","925.35"
"11/20/2008","864.40"
"11/21/2008","828.99"
"11/24/2008","901.91"
"11/25/2008","906.39"
"11/26/2008","954.81"
"11/27/2008","972.03"
"11/28/2008","993.99"
"12/1/2008","925.18"
"12/2/2008","951.79"
"12/3/2008","970.19"
"12/4/2008","997.74"
"12/5/2008","1,005.34"
"12/9/2008","1,026.63"
"12/10/2008","1,060.87"
"12/11/2008","1,089.65"
"12/12/2008","1,098.20"
"12/15/2008","1,115.04"
"12/16/2008","1,143.33"
"12/17/2008","1,147.97"
"12/18/2008","1,116.43"
"12/19/2008","1,095.93"
"12/22/2008","1,045.56"
"12/23/2008","1,038.31"
"12/26/2008","1,058.57"
"12/29/2008","1,076.41"
"12/30/2008","1,079.66"
"1/2/2009","1,143.33"
"1/5/2009","1,151.80"
"1/6/2009","1,214.28"
"1/7/2009","1,167.06"
"1/8/2009","1,192.44"
"1/9/2009","1,179.55"
"1/12/2009","1,128.17"
"1/13/2009","1,131.96"
"1/14/2009","1,087.61"
"1/15/2009","1,100.26"
"1/16/2009","1,097.96"
"1/20/2009","1,044.64"
"1/21/2009","1,062.68"
"1/22/2009","1,057.82"
"1/23/2009","1,066.51"
"1/26/2009","1,067.60"
"1/27/2009","1,079.38"
"1/28/2009","1,105.45"
"1/29/2009","1,088.53"
"1/30/2009","1,077.09"
"2/2/2009","1,057.82"
"2/3/2009","1,072.34"
"2/4/2009","1,079.04"
"2/5/2009","1,110.72"
"2/6/2009","1,143.82"
"2/9/2009","1,135.96"
"2/10/2009","1,105.11"
"2/11/2009","1,107.98"
"2/12/2009","1,084.76"
"2/13/2009","1,134.89"
"2/16/2009","1,123.82"
"2/17/2009","1,072.94"
"2/18/2009","1,054.90"
"2/19/2009","1,065.67"
"2/20/2009","1,048.63"
"2/23/2009","1,009.51"
"2/24/2009","1,041.16"
"2/25/2009","1,019.11"
"2/26/2009","1,017.87"
"2/27/2009","1,019.29"
"3/2/2009","943.75"
"3/3/2009","930.12"
"3/4/2009","986.27"
"3/5/2009","954.81"
"3/6/2009","965.02"
"3/9/2009","952.64"
"3/10/2009","1,004.18"
"3/11/2009","1,004.33"
"3/12/2009","1,025.39"
"3/13/2009","1,043.33"
"3/16/2009","1,033.79"
"3/17/2009","1,051.79"
"3/18/2009","1,065.56"
"3/19/2009","1,078.77"
"3/20/2009","1,069.53"
"3/23/2009","1,124.56"
"3/25/2009","1,132.32"
"3/26/2009","1,171.43"
"3/27/2009","1,165.27"
"3/30/2009","1,123.28"
"3/31/2009","1,125.95"
"4/1/2009","1,134.61"
"4/3/2009","1,196.97"
"4/6/2009","1,185.06"
"4/7/2009","1,149.74"
"4/8/2009","1,163.10"
"4/13/2009","1,224.60"
"4/14/2009","1,206.43"
"4/15/2009","1,214.92"
"4/16/2009","1,254.73"
"4/17/2009","1,258.47"
"4/20/2009","1,193.03"
"4/21/2009","1,220.34"
"4/22/2009","1,226.97"
"4/23/2009","1,228.29"
"4/24/2009","1,259.23"
"4/27/2009","1,244.52"
"4/28/2009","1,243.76"
"4/29/2009","1,270.61"
"4/30/2009","1,275.25"
"5/4/2009","1,352.88"
"5/5/2009","1,363.19"
"5/6/2009","1,409.91"
"5/7/2009","1,423.92"
"5/8/2009","1,500.06"
"5/11/2009","1,512.11"
"5/12/2009","1,525.22"
"5/13/2009","1,461.22"
"5/14/2009","1,448.18"
"5/15/2009","1,438.64"
"5/18/2009","1,528.58"
"5/19/2009","1,533.39"
"5/20/2009","1,550.15"
"5/21/2009","1,560.85"
"5/22/2009","1,562.40"
"5/26/2009","1,582.30"
"5/27/2009","1,567.36"
"5/28/2009","1,560.41"
"5/29/2009","1,587.21"
"6/1/2009","1,656.11"
"6/2/2009","1,668.76"
"6/3/2009","1,600.93"
"6/4/2009","1,654.56"
"6/5/2009","1,638.10"
"6/8/2009","1,625.26"
"6/9/2009","1,641.70"
"6/10/2009","1,654.99"
"6/11/2009","1,669.54"
"6/12/2009","1,654.56"
"6/16/2009","1,586.23"
"6/17/2009","1,534.64"
"6/18/2009","1,529.90"
"6/19/2009","1,559.46"
"6/22/2009","1,495.98"
"6/23/2009","1,506.90"
"6/24/2009","1,545.81"
"6/25/2009","1,580.96"
"6/26/2009","1,579.99"
"6/29/2009","1,589.30"
"6/30/2009","1,587.97"
"7/1/2009","1,610.11"
"7/2/2009","1,561.94"
"7/3/2009","1,579.12"
"7/6/2009","1,553.67"
"7/7/2009","1,520.47"
"7/8/2009","1,477.84"
"7/13/2009","1,548.43"
"7/14/2009","1,535.38"
"7/15/2009","1,603.81"
"7/16/2009","1,626.34"
"7/17/2009","1,622.67"
"7/20/2009","1,649.22"
"7/21/2009","1,652.70"
"7/22/2009","1,642.51"
"7/23/2009","1,679.42"
"7/24/2009","1,675.10"
"7/27/2009","1,685.95"
"7/28/2009","1,665.21"
"7/29/2009","1,655.68"
"7/30/2009","1,696.19"
"7/31/2009","1,719.87"
"8/3/2009","1,781.80"
"8/4/2009","1,778.36"
"8/5/2009","1,806.51"
"8/6/2009","1,776.93"
"8/7/2009","1,799.53"
"8/10/2009","1,793.31"
"8/11/2009","1,759.54"
"8/12/2009","1,773.29"
"8/13/2009","1,795.58"
"8/14/2009","1,761.61"
"8/18/2009","1,727.76"
"8/19/2009","1,728.21"
"8/20/2009","1,766.89"
"8/21/2009","1,797.33"
"8/24/2009","1,780.93"
"8/25/2009","1,779.80"
"8/26/2009","1,778.26"
"8/27/2009","1,778.34"
"8/28/2009","1,797.02"
"8/31/2009","1,781.89"
"9/1/2009","1,743.64"
"9/2/2009","1,753.66"
"9/3/2009","1,754.71"
"9/4/2009","1,779.25"
"9/7/2009","1,809.20"
"9/8/2009","1,853.02"
"9/9/2009","1,874.33"
"9/10/2009","1,908.46"
"9/11/2009","1,900.18"
"9/14/2009","1,920.06"
"9/15/2009","1,930.63"
"9/16/2009","1,977.41"
"9/17/2009","2,017.57"
"9/18/2009","2,007.60"
"9/21/2009","1,986.34"
"9/22/2009","2,057.83"
"9/23/2009","2,023.36"
"9/24/2009","2,005.79"
"9/25/2009","2,015.83"
"9/28/2009","2,071.36"
"9/29/2009","2,065.67"
"9/30/2009","2,075.14"
"10/1/2009","2,022.79"
"10/2/2009","2,024.80"
"10/5/2009","2,053.05"
"10/6/2009","2,101.34"
"10/7/2009","2,097.65"
"10/8/2009","2,149.09"
"10/9/2009","2,169.04"
"10/13/2009","2,193.92"
"10/14/2009","2,224.27"
"10/15/2009","2,224.98"
"10/16/2009","2,207.28"
"10/19/2009","2,253.84"
"10/20/2009","2,246.04"
"10/21/2009","2,257.28"
"10/22/2009","2,309.48"
"10/23/2009","2,295.88"
"10/26/2009","2,279.47"
"10/27/2009","2,255.26"
"10/28/2009","2,119.76"
"10/29/2009","2,206.49"
"10/30/2009","2,115.76"
"11/2/2009","2,145.47"
"11/3/2009","2,204.68"
"11/4/2009","2,242.54"
"11/5/2009","2,222.81"
"11/9/2009","2,288.65"
"11/10/2009","2,279.69"
"11/11/2009","2,250.89"
"11/12/2009","2,219.28"
"11/13/2009","2,233.43"
"11/16/2009","2,294.64"
"11/17/2009","2,280.80"
"11/18/2009","2,265.56"
"11/19/2009","2,240.03"
"11/20/2009","2,231.50"
"11/23/2009","2,251.38"
"11/24/2009","2,247.87"
"11/25/2009","2,253.45"
"11/26/2009","2,156.99"
"11/27/2009","2,188.58"
"11/30/2009","2,147.25"
"12/1/2009","2,210.12"
"12/2/2009","2,220.61"
"12/3/2009","2,213.06"
"12/4/2009","2,174.47"
"12/7/2009","2,173.00"
"12/9/2009","2,162.63"
"12/10/2009","2,179.60"
"12/11/2009","2,177.63"
"12/14/2009","2,216.54"
"12/15/2009","2,214.91"
"12/16/2009","2,229.65"
"12/17/2009","2,225.48"
"12/18/2009","2,215.45"
"12/21/2009","2,216.40"
"12/22/2009","2,241.09"
"12/23/2009","2,249.35"
"12/28/2009","2,282.58"
"12/29/2009","2,318.39"
"12/30/2009","2,320.73"
"1/4/2010","2,384.49"
"1/5/2010","2,401.75"
"1/6/2010","2,362.46"
"1/7/2010","2,389.45"
"1/8/2010","2,352.76"
"1/11/2010","2,317.74"
"1/12/2010","2,270.49"
"1/13/2010","2,338.07"
"1/14/2010","2,381.04"
"1/15/2010","2,371.11"
"1/18/2010","2,371.86"
"1/19/2010","2,388.31"
"1/20/2010","2,351.54"
"1/21/2010","2,340.20"
"1/22/2010","2,331.60"
"1/25/2010","2,321.20"
"1/26/2010","2,309.25"
"1/27/2010","2,306.21"
"1/28/2010","2,293.81"
"1/29/2010","2,298.55"
"2/1/2010","2,313.81"
"2/2/2010","2,342.82"
"2/3/2010","2,325.79"
"2/4/2010","2,236.96"
"2/5/2010","2,165.15"
"2/8/2010","2,187.83"
"2/9/2010","2,233.74"
"2/10/2010","2,239.37"
"2/11/2010","2,280.96"
"2/12/2010","2,273.41"
"2/15/2010","2,276.83"
"2/16/2010","2,301.09"
"2/17/2010","2,320.67"
"2/18/2010","2,334.44"
"2/19/2010","2,334.99"
"2/22/2010","2,346.73"
"2/23/2010","2,296.63"
"2/24/2010","2,292.22"
"2/25/2010","2,211.70"
"2/26/2010","2,221.38"
"3/1/2010","2,265.14"
"3/2/2010","2,285.72"
"3/3/2010","2,291.32"
"3/4/2010","2,284.26"
"3/5/2010","2,298.74"
"3/8/2010","2,308.41"
"3/9/2010","2,319.14"
"3/10/2010","2,332.22"
"3/11/2010","2,332.17"
"3/12/2010","2,359.97"
"3/15/2010","2,351.35"
"3/16/2010","2,379.02"
"3/17/2010","2,382.38"
"3/18/2010","2,372.87"
"3/19/2010","2,381.10"
"3/22/2010","2,413.67"
"3/23/2010","2,439.33"
"3/25/2010","2,409.94"
"3/26/2010","2,402.45"
"3/29/2010","2,417.72"
"3/30/2010","2,404.77"
"3/31/2010","2,373.71"
"4/5/2010","2,449.53"
"4/6/2010","2,486.72"
"4/7/2010","2,453.74"
"4/8/2010","2,470.81"
"4/9/2010","2,487.76"
"4/12/2010","2,486.01"
"4/13/2010","2,463.84"
"4/14/2010","2,458.52"
"4/15/2010","2,438.23"
"4/16/2010","2,398.94"
"4/19/2010","2,420.18"
"4/20/2010","2,426.84"
"4/21/2010","2,423.31"
"4/22/2010","2,430.47"
"4/23/2010","2,447.03"
"4/26/2010","2,436.93"
"4/27/2010","2,374.52"
"4/28/2010","2,378.05"
"4/29/2010","2,395.24"
"4/30/2010","2,396.27"
"5/3/2010","2,413.03"
"5/4/2010","2,324.45"
"5/5/2010","2,285.49"
"5/6/2010","2,161.73"
"5/7/2010","2,160.20"
"5/10/2010","2,314.94"
"5/11/2010","2,289.63"
"5/12/2010","2,300.50"
"5/13/2010","2,280.50"
"5/14/2010","2,212.87"
"5/17/2010","2,185.92"
"5/18/2010","2,183.23"
"5/19/2010","2,178.40"
"5/20/2010","2,089.58"
"5/21/2010","2,123.62"
"5/26/2010","2,061.07"
"5/27/2010","2,176.20"
"5/28/2010","2,168.57"
"5/31/2010","2,203.60"
"6/1/2010","2,175.19"
"6/2/2010","2,212.39"
"6/3/2010","2,239.09"
"6/4/2010","2,181.21"
"6/7/2010","2,168.99"
"6/8/2010","2,203.52"
"6/9/2010","2,217.54"
"6/10/2010","2,261.78"
"6/11/2010","2,281.23"
"6/14/2010","2,282.51"
"6/15/2010","2,326.09"
"6/16/2010","2,323.12"
"6/17/2010","2,314.54"
"6/18/2010","2,320.36"
"6/22/2010","2,328.45"
"6/23/2010","2,326.95"
"6/24/2010","2,300.69"
"6/25/2010","2,318.14"
"6/28/2010","2,292.21"
"6/29/2010","2,193.10"
"6/30/2010","2,185.01"
"7/1/2010","2,209.42"
"7/2/2010","2,217.08"
"7/5/2010","2,205.05"
"7/6/2010","2,210.91"
"7/7/2010","2,265.00"
"7/8/2010","2,289.50"
"7/12/2010","2,288.59"
"7/13/2010","2,305.14"
"7/14/2010","2,309.87"
"7/15/2010","2,306.95"
"7/16/2010","2,283.07"
"7/19/2010","2,302.98"
"7/20/2010","2,336.42"
"7/21/2010","2,327.35"
"7/22/2010","2,359.73"
"7/23/2010","2,375.20"
"7/26/2010","2,388.34"
"7/27/2010","2,387.33"
"7/28/2010","2,374.22"
"7/29/2010","2,405.47"
"7/30/2010","2,394.16"
"8/2/2010","2,454.79"
"8/3/2010","2,440.97"
"8/4/2010","2,455.72"
"8/5/2010","2,432.85"
"8/6/2010","2,425.33"
"8/9/2010","2,427.68"
"8/10/2010","2,402.44"
"8/11/2010","2,349.33"
"8/12/2010","2,366.49"
"8/13/2010","2,367.98"
"8/17/2010","2,435.65"
"8/18/2010","2,466.70"
"8/19/2010","2,429.28"
"8/20/2010","2,438.97"
"8/23/2010","2,368.63"
"8/24/2010","2,293.29"
"8/25/2010","2,331.13"
"8/26/2010","2,321.44"
"8/27/2010","2,349.07"
"8/30/2010","2,307.20"
"8/31/2010","2,336.89"
"9/1/2010","2,394.76"
"9/2/2010","2,415.92"
"9/3/2010","2,423.22"
"9/6/2010","2,437.93"
"9/7/2010","2,418.75"
"9/8/2010","2,419.92"
"9/9/2010","2,431.09"
"9/10/2010","2,436.77"
"9/13/2010","2,457.92"
"9/14/2010","2,442.83"
"9/15/2010","2,439.28"
"9/16/2010","2,447.07"
"9/17/2010","2,473.43"
"9/20/2010","2,533.29"
"9/21/2010","2,531.68"
"9/22/2010","2,531.64"
"9/23/2010","2,522.76"
"9/24/2010","2,577.74"
"9/27/2010","2,600.63"
"9/28/2010","2,651.19"
"9/29/2010","2,641.41"
"9/30/2010","2,643.42"
"10/1/2010","2,652.29"
"10/4/2010","2,624.62"
"10/5/2010","2,666.32"
"10/6/2010","2,661.82"
"10/7/2010","2,641.40"
"10/8/2010","2,699.49"
"10/12/2010","2,719.71"
"10/13/2010","2,729.54"
"10/14/2010","2,730.55"
"10/15/2010","2,735.47"
"10/18/2010","2,750.37"
"10/19/2010","2,727.92"
"10/20/2010","2,809.40"
"10/21/2010","2,820.28"
"10/22/2010","2,851.91"
"10/25/2010","2,916.55"
"10/26/2010","2,920.44"
"10/28/2010","2,954.86"
"10/29/2010","3,007.41"
"11/1/2010","3,076.90"
"11/2/2010","3,110.30"
"11/3/2010","3,205.79"
"11/4/2010","3,339.97"
"11/5/2010","3,352.33"
"11/8/2010","3,324.27"
"11/9/2010","3,305.76"
"11/10/2010","3,310.97"
"11/11/2010","3,340.65"
"11/12/2010","3,215.48"
"11/15/2010","3,270.78"
"11/16/2010","3,122.70"
"11/17/2010","3,164.40"
"11/18/2010","3,251.65"
"11/19/2010","3,260.80"
"11/23/2010","3,201.07"
"11/24/2010","3,283.42"
"11/25/2010","3,321.15"
"11/26/2010","3,302.88"
"11/29/2010","3,270.10"
"11/30/2010","3,261.49"
"12/1/2010","3,367.15"
"12/2/2010","3,434.40"
"12/3/2010","3,422.43"
"12/6/2010","3,456.47"
"12/7/2010","3,428.04"
"12/9/2010","3,368.73"
"12/10/2010","3,390.87"
"12/13/2010","3,418.87"
"12/14/2010","3,383.14"
"12/15/2010","3,289.50"
"12/16/2010","3,336.72"
"12/17/2010","3,403.08"
"12/20/2010","3,465.31"
"12/21/2010","3,442.95"
"12/22/2010","3,476.26"
"12/23/2010","3,476.42"
"12/27/2010","3,477.51"
"12/28/2010","3,494.90"
"12/29/2010","3,522.60"
"12/30/2010","3,523.59"
"1/3/2011","3,628.48"
"1/4/2011","3,613.73"
"1/5/2011","3,604.80"
"1/6/2011","3,603.44"
"1/7/2011","3,546.26"
"1/10/2011","3,540.59"
"1/11/2011","3,545.71"
"1/12/2011","3,601.45"
"1/13/2011","3,543.47"
"1/14/2011","3,539.06"
"1/17/2011","3,563.35"
"1/18/2011","3,613.81"
"1/19/2011","3,636.90"
"1/20/2011","3,664.82"
"1/21/2011","3,648.26"
"1/24/2011","3,631.80"
"1/25/2011","3,604.77"
"1/26/2011","3,642.20"
"1/27/2011","3,616.79"
"1/28/2011","3,583.11"
"1/31/2011","3,593.13"
"2/1/2011","3,635.26"
"2/2/2011","3,640.98"
"2/3/2011","3,639.33"
"2/4/2011","3,631.22"
"2/7/2011","3,559.72"
"2/8/2011","3,567.40"
"2/9/2011","3,505.68"
"2/10/2011","3,414.06"
"2/11/2011","3,460.04"
"2/14/2011","3,508.93"
"2/15/2011","3,490.21"
"2/16/2011","3,545.39"
"2/17/2011","3,538.38"
"2/18/2011","3,537.06"
"2/21/2011","3,515.45"
"2/22/2011","3,476.80"
"2/23/2011","3,429.08"
"2/24/2011","3,382.71"
"2/25/2011","3,435.44"
"2/28/2011","3,455.65"
"3/1/2011","3,426.86"
"3/2/2011","3,426.28"
"3/3/2011","3,474.97"
"3/4/2011","3,467.72"
"3/9/2011","3,457.52"
"3/10/2011","3,405.92"
"3/11/2011","3,403.51"
"3/14/2011","3,357.99"
"3/15/2011","3,263.27"
"3/16/2011","3,197.53"
"3/17/2011","3,260.82"
"3/18/2011","3,277.87"
"3/21/2011","3,332.95"
"3/22/2011","3,321.54"
"3/23/2011","3,348.83"
"3/28/2011","3,313.18"
"3/29/2011","3,324.19"
"3/30/2011","3,376.44"
"3/31/2011","3,388.03"
"4/1/2011","3,471.95"
"4/4/2011","3,513.34"
"4/5/2011","3,511.05"
"4/6/2011","3,503.99"
"4/7/2011","3,456.52"
"4/8/2011","3,480.39"
"4/11/2011","3,448.12"
"4/12/2011","3,401.55"
"4/13/2011","3,407.24"
"4/14/2011","3,381.57"
"4/15/2011","3,381.25"
"4/18/2011","3,300.98"
"4/19/2011","3,332.27"
"4/20/2011","3,413.94"
"4/25/2011","3,401.15"
"4/26/2011","3,374.20"
"4/27/2011","3,377.29"
"4/28/2011","3,375.96"
"4/29/2011","3,406.02"
"5/2/2011","3,395.64"
"5/3/2011","3,375.34"
"5/4/2011","3,352.22"
"5/5/2011","3,305.69"
"5/6/2011","3,315.84"
"5/9/2011","3,359.07"
"5/10/2011","3,422.12"
"5/11/2011","3,384.57"
"5/12/2011","3,389.73"
"5/13/2011","3,378.18"
"5/16/2011","3,372.21"
"5/17/2011","3,365.25"
"5/18/2011","3,388.75"
"5/19/2011","3,385.77"
"5/20/2011","3,383.79"
"5/23/2011","3,323.07"
"5/24/2011","3,282.41"
"5/26/2011","3,268.55"
"5/27/2011","3,265.82"
"5/30/2011","3,244.79"
"5/31/2011","3,250.91"
"6/1/2011","3,176.36"
"6/2/2011","3,150.34"
"6/3/2011","3,164.97"
"6/6/2011","3,122.08"
"6/7/2011","3,125.01"
"6/8/2011","3,123.29"
"6/9/2011","3,232.86"
"6/10/2011","3,227.77"
"6/13/2011","3,202.28"
"6/14/2011","3,265.62"
"6/15/2011","3,244.09"
"6/16/2011","3,235.00"
"6/17/2011","3,269.28"
"6/21/2011","3,330.02"
"6/22/2011","3,333.58"
"6/23/2011","3,313.88"
"6/24/2011","3,287.62"
"6/27/2011","3,314.71"
"6/28/2011","3,326.94"
"6/29/2011","3,353.82"
"6/30/2011","3,360.64"
"7/1/2011","3,396.00"
"7/4/2011","3,418.11"
"7/5/2011","3,430.18"
"7/6/2011","3,461.75"
"7/7/2011","3,487.21"
"7/8/2011","3,470.74"
"7/11/2011","3,396.20"
"7/12/2011","3,348.63"
"7/13/2011","3,356.44"
"7/14/2011","3,302.44"
"7/15/2011","3,326.57"
"7/18/2011","3,294.60"
"7/19/2011","3,324.99"
"7/20/2011","3,335.56"
"7/21/2011","3,366.91"
"7/22/2011","3,356.35"
"7/25/2011","3,330.88"
"7/26/2011","3,368.64"
"7/27/2011","3,270.62"
"7/28/2011","3,270.97"
"7/29/2011","3,321.85"
"8/1/2011","3,336.21"
"8/2/2011","3,316.48"
"8/3/2011","3,308.75"
"8/4/2011","3,109.86"
"8/5/2011","3,067.61"
"8/8/2011","2,738.41"
"8/9/2011","2,864.02"
"8/10/2011","2,809.75"
"8/11/2011","2,949.01"
"8/12/2011","2,966.99"
"8/15/2011","2,989.67"
"8/16/2011","2,983.62"
"8/17/2011","2,993.83"
"8/18/2011","2,870.49"
"8/19/2011","2,825.38"
"8/23/2011","2,895.63"
"8/24/2011","2,908.48"
"8/25/2011","2,865.76"
"8/26/2011","2,883.89"
"8/29/2011","2,943.25"
"8/30/2011","2,960.00"
"8/31/2011","2,964.79"
"9/1/2011","2,927.09"
"9/2/2011","2,872.11"
"9/5/2011","2,783.34"
"9/6/2011","2,816.83"
"9/7/2011","2,876.69"
"9/8/2011","2,832.43"
"9/9/2011","2,753.22"
"9/12/2011","2,688.06"
"9/13/2011","2,705.89"
"9/14/2011","2,750.11"
"9/15/2011","2,771.28"
"9/16/2011","2,750.33"
"9/19/2011","2,716.78"
"9/20/2011","2,717.15"
"9/21/2011","2,630.91"
"9/22/2011","2,480.76"
"9/23/2011","2,482.63"
"9/26/2011","2,504.95"
"9/27/2011","2,555.94"
"9/28/2011","2,514.56"
"9/29/2011","2,518.07"
"9/30/2011","2,463.63"
"10/3/2011","2,291.68"
"10/4/2011","2,286.73"
"10/5/2011","2,309.43"
"10/6/2011","2,360.82"
"10/7/2011","2,325.95"
"10/11/2011","2,429.56"
"10/12/2011","2,539.08"
"10/13/2011","2,596.64"
"10/14/2011","2,717.05"
"10/17/2011","2,677.10"
"10/18/2011","2,732.57"
"10/19/2011","2,735.15"
"10/20/2011","2,737.72"
"10/21/2011","2,797.53"
"10/24/2011","2,861.82"
"10/25/2011","2,850.53"
"10/26/2011","2,880.78"
"10/27/2011","3,005.52"
"10/28/2011","3,015.22"
"10/31/2011","2,905.54"
"11/1/2011","2,762.03"
"11/2/2011","2,689.31"
"11/3/2011","2,782.87"
"11/4/2011","2,761.36"
"11/7/2011","2,747.55"
"11/8/2011","2,792.83"
"11/9/2011","2,676.44"
"11/10/2011","2,693.62"
"11/11/2011","2,751.67"
"11/14/2011","2,676.91"
"11/15/2011","2,679.19"
"11/16/2011","2,625.93"
"11/17/2011","2,519.01"
"11/18/2011","2,528.04"
"11/21/2011","2,454.00"
"11/22/2011","2,483.13"
"11/23/2011","2,410.76"
"11/24/2011","2,426.09"
"11/25/2011","2,426.00"
"11/29/2011","2,452.04"
"11/30/2011","2,562.85"
"12/1/2011","2,609.14"
"12/2/2011","2,629.63"
"12/5/2011","2,640.09"
"12/6/2011","2,615.58"
"12/7/2011","2,558.11"
"12/12/2011","2,485.41"
"12/13/2011","2,474.80"
"12/14/2011","2,408.43"
"12/15/2011","2,401.43"
"12/16/2011","2,433.40"
"12/19/2011","2,400.33"
"12/20/2011","2,442.27"
"12/21/2011","2,440.87"
"12/22/2011","2,456.34"
"12/27/2011","2,457.37"
"12/28/2011","2,425.98"
"12/29/2011","2,462.63"
"1/3/2012","2,568.20"
"1/4/2012","2,715.46"
"1/5/2012","2,715.19"
"1/6/2012","2,769.75"
"1/9/2012","2,780.51"
"1/10/2012","2,833.23"
"1/11/2012","2,825.73"
"1/12/2012","2,819.99"
"1/13/2012","2,753.52"
"1/16/2012","2,754.57"
"1/17/2012","2,784.90"
"1/18/2012","2,862.24"
"1/19/2012","2,882.14"
"1/20/2012","2,867.59"
"1/23/2012","2,885.62"
"1/24/2012","2,898.35"
"1/25/2012","2,914.93"
"1/26/2012","2,908.70"
"1/27/2012","2,831.58"
"1/30/2012","2,770.83"
"1/31/2012","2,787.17"
"2/1/2012","2,837.06"
"2/2/2012","2,817.65"
"2/3/2012","2,810.57"
"2/6/2012","2,806.64"
"2/7/2012","2,769.56"
"2/8/2012","2,720.15"
"2/9/2012","2,749.00"
"2/10/2012","2,721.89"
"2/13/2012","2,757.51"
"2/14/2012","2,725.17"
"2/15/2012","2,725.47"
"2/16/2012","2,767.66"
"2/17/2012","2,798.83"
"2/22/2012","2,838.62"
"2/23/2012","2,818.09"
"2/24/2012","2,762.61"
"2/28/2012","2,682.09"
"2/29/2012","2,648.22"
"3/1/2012","2,748.75"
"3/2/2012","2,757.30"
"3/5/2012","2,690.58"
"3/6/2012","2,651.60"
"3/7/2012","2,684.19"
"3/8/2012","2,683.96"
"3/9/2012","2,665.20"
"3/12/2012","2,642.21"
"3/13/2012","2,711.94"
"3/14/2012","2,709.60"
"3/15/2012","2,744.09"
"3/16/2012","2,765.22"
"3/19/2012","2,757.20"
"3/21/2012","2,718.83"
"3/22/2012","2,673.78"
"3/23/2012","2,711.87"
"3/26/2012","2,691.76"
"3/27/2012","2,691.98"
"3/28/2012","2,684.18"
"3/29/2012","2,658.74"
"3/30/2012","2,678.40"
"4/3/2012","2,605.50"
"4/4/2012","2,557.46"
"4/9/2012","2,522.18"
"4/10/2012","2,497.05"
"4/11/2012","2,503.90"
"4/12/2012","2,562.68"
"4/13/2012","2,502.08"
"4/16/2012","2,459.56"
"4/17/2012","2,421.01"
"4/18/2012","2,357.67"
"4/19/2012","2,352.83"
"4/20/2012","2,338.48"
"4/23/2012","2,309.85"
"4/24/2012","2,311.18"
"4/25/2012","2,277.08"
"4/26/2012","2,270.81"
"4/27/2012","2,271.86"
"5/2/2012","2,241.71"
"5/3/2012","2,195.22"
"5/4/2012","2,211.02"
"5/7/2012","2,248.37"
"5/8/2012","2,384.26"
"5/9/2012","2,335.01"
"5/10/2012","2,307.04"
"5/11/2012","2,304.61"
"5/14/2012","2,234.38"
"5/15/2012","2,214.05"
"5/16/2012","2,160.44"
"5/17/2012","2,121.52"
"5/18/2012","2,134.85"
"5/21/2012","2,193.71"
"5/22/2012","2,239.24"
"5/23/2012","2,288.60"
"5/24/2012","2,340.26"
"5/28/2012","2,354.31"
"5/29/2012","2,314.24"
"5/30/2012","2,264.92"
"5/31/2012","2,256.74"
"6/1/2012","2,215.18"
"6/4/2012","2,210.41"
"6/5/2012","2,199.97"
"6/6/2012","2,221.52"
"6/7/2012","2,227.58"
"6/8/2012","2,198.48"
"6/11/2012","2,179.53"
"6/12/2012","2,178.26"
"6/13/2012","2,151.14"
"6/14/2012","2,190.82"
"6/15/2012","2,273.02"
"6/18/2012","2,269.79"
"6/19/2012","2,351.53"
"6/21/2012","2,311.43"
"6/22/2012","2,341.49"
"6/25/2012","2,287.84"
"6/26/2012","2,276.42"
"6/27/2012","2,279.52"
"6/28/2012","2,268.11"
"6/29/2012","2,346.68"
"7/2/2012","2,369.22"
"7/3/2012","2,413.80"
"7/4/2012","2,426.56"
"7/5/2012","2,381.00"
"7/6/2012","2,383.69"
"7/10/2012","2,317.34"
"7/11/2012","2,361.96"
"7/12/2012","2,350.96"
"7/13/2012","2,381.38"
"7/16/2012","2,385.09"
"7/17/2012","2,403.60"
"7/18/2012","2,496.67"
"7/19/2012","2,502.54"
"7/20/2012","2,459.41"
"7/23/2012","2,436.79"
"7/24/2012","2,387.77"
"7/25/2012","2,398.82"
"7/26/2012","2,433.29"
"7/27/2012","2,435.96"
"7/30/2012","2,420.41"
"7/31/2012","2,400.31"
"8/1/2012","2,399.58"
"8/2/2012","2,375.64"
"8/3/2012","2,396.78"
"8/6/2012","2,422.92"
"8/7/2012","2,451.69"
"8/8/2012","2,458.81"
"8/9/2012","2,381.22"
"8/10/2012","2,410.85"
"8/13/2012","2,430.37"
"8/14/2012","2,420.26"
"8/15/2012","2,440.35"
"8/16/2012","2,483.42"
"8/17/2012","2,459.95"
"8/21/2012","2,441.23"
"8/22/2012","2,435.70"
"8/23/2012","2,442.52"
"8/24/2012","2,458.81"
"8/27/2012","2,460.72"
"8/28/2012","2,447.26"
"8/29/2012","2,445.44"
"8/30/2012","2,424.03"
"8/31/2012","2,408.38"
"9/3/2012","2,402.56"
"9/4/2012","2,379.30"
"9/5/2012","2,382.25"
"9/6/2012","2,405.14"
"9/7/2012","2,381.96"
"9/10/2012","2,371.61"
"9/11/2012","2,406.52"
"9/12/2012","2,436.23"
"9/13/2012","2,508.71"
"9/14/2012","2,543.86"
"9/17/2012","2,479.24"
"9/18/2012","2,491.82"
"9/19/2012","2,493.85"
"9/20/2012","2,500.79"
"9/21/2012","2,531.75"
"9/25/2012","2,533.42"
"9/26/2012","2,461.01"
"9/27/2012","2,494.18"
"9/28/2012","2,451.73"
"10/1/2012","2,458.46"
"10/2/2012","2,464.74"
"10/3/2012","2,455.81"
"10/4/2012","2,469.42"
"10/5/2012","2,485.76"
"10/9/2012","2,435.14"
"10/10/2012","2,387.81"
"10/11/2012","2,417.62"
"10/12/2012","2,400.13"
"10/15/2012","2,405.08"
"10/16/2012","2,427.33"
"10/17/2012","2,471.54"
"10/18/2012","2,455.93"
"10/19/2012","2,428.05"
"10/22/2012","2,457.16"
"10/23/2012","2,368.96"
"10/24/2012","2,377.79"
"10/25/2012","2,376.49"
"10/26/2012","2,380.33"
"10/29/2012","2,332.80"
"10/30/2012","2,320.57"
"10/31/2012","2,323.39"
"11/1/2012","2,350.33"
"11/2/2012","2,395.13"
"11/5/2012","2,394.85"
"11/7/2012","2,370.19"
"11/8/2012","2,401.84"
"11/9/2012","2,390.05"
"11/12/2012","2,394.51"
"11/13/2012","2,354.05"
"11/14/2012","2,320.69"
"11/15/2012","2,322.27"
"11/16/2012","2,283.09"
"11/19/2012","2,295.33"
"11/20/2012","2,295.59"
"11/21/2012","2,319.70"
"11/22/2012","2,242.40"
"11/23/2012","2,339.92"
"11/27/2012","2,328.88"
"11/28/2012","2,327.50"
"11/29/2012","2,408.17"
"11/30/2012","2,419.30"
"12/3/2012","2,419.68"
"12/4/2012","2,458.95"
"12/5/2012","2,470.04"
"12/6/2012","2,450.03"
"12/7/2012","2,480.03"
"12/10/2012","2,520.28"
"12/11/2012","2,558.76"
"12/12/2012","2,610.90"
"12/13/2012","2,610.03"
"12/14/2012","2,696.98"
"12/17/2012","2,759.19"
"12/18/2012","2,871.32"
"12/19/2012","2,843.96"
"12/20/2012","2,860.08"
"12/21/2012","2,786.40"
"12/26/2012","2,827.96"
"12/27/2012","2,839.14"
"12/28/2012","2,854.29"
"1/2/2013","2,952.87"
"1/3/2013","2,975.24"
"1/4/2013","2,996.28"
"1/7/2013","2,993.23"
"1/8/2013","3,018.00"
"1/9/2013","3,071.83"
"1/10/2013","3,114.20"
"1/11/2013","3,107.66"
"1/14/2013","3,095.40"
"1/15/2013","3,082.40"
"1/16/2013","3,134.00"
"1/17/2013","3,168.54"
"1/18/2013","3,197.35"
"1/21/2013","3,250.39"
"1/22/2013","3,306.20"
"1/23/2013","3,300.86"
"1/24/2013","3,316.25"
"1/25/2013","3,339.77"
"1/28/2013","3,342.10"
"1/29/2013","3,470.15"
"1/30/2013","3,462.42"
"2/1/2013","3,531.46"
"2/4/2013","3,428.69"
"2/5/2013","3,357.90"
"2/6/2013","3,290.01"
"2/7/2013","3,302.97"
"2/8/2013","3,279.96"
"2/13/2013","3,307.80"
"2/14/2013","3,303.79"
"2/15/2013","3,295.42"
"2/18/2013","3,264.00"
"2/19/2013","3,268.77"
"2/21/2013","3,124.37"
"2/22/2013","3,138.28"
"2/25/2013","3,124.64"
"2/26/2013","3,119.61"
"2/27/2013","3,158.92"
"2/28/2013","3,048.55"
"3/1/2013","3,099.71"
"3/4/2013","3,140.30"
"3/5/2013","3,193.15"
"3/6/2013","3,233.53"
"3/7/2013","3,328.19"
"3/8/2013","3,324.89"
"3/12/2013","3,386.49"
"3/13/2013","3,461.19"
"3/14/2013","3,499.25"
"3/15/2013","3,488.76"
"3/18/2013","3,446.55"
"3/19/2013","3,419.26"
"3/20/2013","3,485.13"
"3/21/2013","3,489.99"
"3/22/2013","3,430.17"
"3/25/2013","3,404.90"
"3/26/2013","3,417.32"
"3/27/2013","3,380.78"
"4/3/2013","3,305.97"
"4/4/2013","3,297.13"
"4/5/2013","3,312.80"
"4/8/2013","3,379.39"
"4/9/2013","3,474.78"
"4/10/2013","3,462.73"
"4/11/2013","3,487.72"
"4/12/2013","3,463.49"
"4/15/2013","3,403.12"
"4/16/2013","3,473.40"
"4/17/2013","3,425.03"
"4/18/2013","3,413.86"
"4/19/2013","3,444.49"
"4/22/2013","3,530.40"
"4/23/2013","3,569.25"
"4/24/2013","3,603.42"
"4/25/2013","3,685.62"
"4/26/2013","3,734.24"
"4/29/2013","3,814.72"
"4/30/2013","3,845.94"
"5/2/2013","3,843.16"
"5/3/2013","3,888.10"
"5/6/2013","3,948.40"
"5/7/2013","4,029.99"
"5/8/2013","4,038.23"
"5/9/2013","3,863.19"
"5/10/2013","3,712.51"
"5/13/2013","3,581.78"
"5/14/2013","3,510.11"
"5/15/2013","3,720.91"
"5/16/2013","3,706.71"
"5/17/2013","3,694.74"
"5/20/2013","3,674.86"
"5/21/2013","3,637.76"
"5/22/2013","3,547.74"
"5/23/2013","3,557.55"
"5/24/2013","3,509.72"
"5/27/2013","3,530.91"
"5/28/2013","3,421.56"
"5/29/2013","3,474.06"
"5/30/2013","3,514.60"
"5/31/2013","3,489.43"
"6/3/2013","3,485.97"
"6/4/2013","3,442.47"
"6/5/2013","3,423.19"
"6/6/2013","3,450.80"
"6/7/2013","3,449.68"
"6/10/2013","3,413.77"
"6/11/2013","3,342.63"
"6/12/2013","3,237.06"
"6/13/2013","3,244.04"
"6/14/2013","3,199.92"
"6/17/2013","3,100.35"
"6/18/2013","3,047.99"
"6/19/2013","3,070.86"
"6/24/2013","3,021.16"
"6/25/2013","3,013.15"
"6/26/2013","2,966.51"
"6/27/2013","2,941.08"
"6/28/2013","2,976.27"
"7/1/2013","3,019.82"
"7/2/2013","2,994.08"
"7/3/2013","3,023.05"
"7/4/2013","3,096.11"
"7/5/2013","3,063.69"
"7/8/2013","3,127.66"
"7/10/2013","3,127.22"
"7/11/2013","3,232.07"
"7/12/2013","3,226.38"
"7/15/2013","3,348.98"
"7/16/2013","3,394.28"
"7/17/2013","3,475.70"
"7/18/2013","3,376.89"
"7/19/2013","3,410.14"
"7/22/2013","3,450.45"
"7/23/2013","3,462.06"
"7/24/2013","3,463.48"
"7/25/2013","3,426.44"
"7/26/2013","3,423.19"
"7/29/2013","3,384.17"
"7/30/2013","3,336.74"
"7/31/2013","3,357.86"
"8/1/2013","3,431.79"
"8/2/2013","3,458.79"
"8/5/2013","3,453.13"
"8/6/2013","3,469.23"
"8/7/2013","3,546.29"
"8/8/2013","3,582.23"
"8/9/2013","3,615.11"
"8/12/2013","3,668.83"
"8/13/2013","3,764.31"
"8/14/2013","3,883.24"
"8/15/2013","3,865.11"
"8/16/2013","3,815.29"
"8/20/2013","3,850.73"
"8/21/2013","3,852.43"
"8/22/2013","3,943.48"
"8/23/2013","3,903.21"
"8/26/2013","3,898.30"
"8/27/2013","3,848.02"
"8/28/2013","3,925.31"
"8/29/2013","3,922.35"
"8/30/2013","3,935.89"
"9/2/2013","3,974.53"
"9/3/2013","4,056.35"
"9/4/2013","4,094.92"
"9/5/2013","4,175.82"
"9/6/2013","4,181.58"
"9/9/2013","4,368.36"
"9/10/2013","4,517.77"
"10/10/13","5.165,46"
"11/10/13","5.241,88"
"15/10/2013","5.285,28"
"16/10/2013","5.256,79"
"17/10/2013","5.386,17"
"18/10/2013","5.465,85"
"21/10/2013","5.662,26"
"22/10/2013","5.640,99"
